user_id,first_name,last_name,email,password
1,Yovonnda,Undy,yundy0@cbsnews.com,PMnYC39tV
2,Dolli,Olyunin,dolyunin1@ed.gov,HfQqquCtQ
3,Larine,Reddyhoff,lreddyhoff2@sohu.com,BtrrFAd
4,Johan,Darrell,jdarrell3@uiuc.edu,6YDikYFhb
5,Kathye,Couth,kcouth4@cbslocal.com,lNtXWTu
6,Pauletta,Niblett,pniblett5@independent.co.uk,F6lFbhlw
7,Andreana,Copnall,acopnall6@senate.gov,5FznxGZBur
8,Aggie,Dunridge,adunridge7@51.la,iuzc0EUt1uv
9,Maddalena,Vagg,mvagg8@dell.com,wtfS3gdQg
10,Cchaddie,Weiser,cweiser9@wsj.com,3XpYspCk
11,Mikkel,Macallam,mmacallama@unicef.org,liN3ha0OhQT
12,Ariel,Brumby,abrumbyb@gravatar.com,kdqIbRQt
13,Luther,Swadlinge,lswadlingec@geocities.jp,o9skSUzs2
14,Lovell,Hinze,lhinzed@drupal.org,0KqcKJOlUXOt
15,Birdie,Osmint,bosminte@noaa.gov,rjlK4yWT
16,Alberta,Jarvis,ajarvisf@apple.com,Yr1l7VRvZ
17,Rosalinde,Faulder,rfaulderg@walmart.com,V3pvALR5
18,Dillie,Lebbern,dlebbernh@mail.ru,bHprm0oSoN
19,Gwendolyn,Dwelley,gdwelleyi@oaic.gov.au,D6HxrAws8VZ
20,Ronni,Brandenberg,rbrandenbergj@deviantart.com,6jXUV4
21,Reggis,Hanning,rhanningk@phoca.cz,GABwdWakkH6q
22,Cindee,Giovanitti,cgiovanittil@slideshare.net,54ppWIUx5uI
23,Stefano,Girkin,sgirkinm@php.net,KuBhmWi34Nq
24,Saloma,O'Sharry,sosharryn@wp.com,cyEbnPZnRFRi
25,Maria,Palay,mpalayo@hugedomains.com,TyqTEldc
26,Evyn,Hanselmann,ehanselmannp@drupal.org,2s54Pey3
27,Drusi,Scoffins,dscoffinsq@wikipedia.org,NSXHioYyvK1
28,Lelia,McVaugh,lmcvaughr@constantcontact.com,rLvUfEWru5
29,Gratia,McEvon,gmcevons@cbsnews.com,fLZbB0
30,Cyrille,Pitkaithly,cpitkaithlyt@disqus.com,ADRKbkQRm
31,Shanon,MacKegg,smackeggu@nifty.com,TstSAVY
32,Veronique,Calcutt,vcalcuttv@digg.com,DUeiM9l2X7
33,Mozes,Faragher,mfaragherw@icio.us,ImwIBCcjxR
34,Wendall,Sinkings,wsinkingsx@i2i.jp,MCILJKTtw
35,Freddie,Girardi,fgirardiy@unicef.org,MH0iysYwmmAi
36,Herc,Downs,hdownsz@google.com.hk,lZVA6aj
37,Matthew,Glasgow,mglasgow10@mac.com,qFOP5xt4dvF
38,Tresa,Bamsey,tbamsey11@com.com,iClbW1II
39,Ibrahim,Woolfall,iwoolfall12@examiner.com,nZr4529DEU
40,Gayle,Condy,gcondy13@acquirethisname.com,8EME4g4
41,Daniela,Beams,dbeams14@icio.us,pZnJrQEEA9ih
42,Kerrie,Cringle,kcringle15@godaddy.com,gqa2Eg
43,Tessi,Haruard,tharuard16@geocities.com,M5T8FIM
44,Gertrudis,Cool,gcool17@biglobe.ne.jp,YJtCXDLZeoUa
45,Brooke,Emons,bemons18@w3.org,SzcfTf
46,Justine,Merigot,jmerigot19@arstechnica.com,x1R7zjCtSh83
47,Beverley,Pearcey,bpearcey1a@sbwire.com,zZSaTqyU2
48,Corbet,Ellicombe,cellicombe1b@psu.edu,R9dJTKtEvg3
49,Aguie,Wilfinger,awilfinger1c@ihg.com,y8hblfTf
50,Hedy,Studeart,hstudeart1d@netlog.com,osE4s4VNuBTg
